date,sentiment_score,article_count
2017-02-19,0.9120867252349854,2
2017-02-20,0.21874839067459104,4
2017-02-21,0.4058556689156426,9
2017-02-22,0.22280420064926149,10
2017-02-23,0.30495835840702057,8
2017-02-24,0.22811618447303775,6
2017-02-25,0.9549835920333862,1
2017-02-26,0.6650998791058859,3
2017-02-27,0.31662798211688087,21
2017-02-28,0.3460793226957321,30
2017-03-01,0.26725824922323227,8
2017-03-02,0.278977644443512,5
2017-03-03,0.1645804891983668,12
2017-03-04,0.8935016393661499,2
2017-03-05,0.4968411922454834,2
2017-03-06,0.30107834935188293,10
2017-03-07,0.45422043800354006,15
2017-03-08,0.37715098857879636,5
2017-03-09,0.6360034743944804,3
2017-03-10,0.537960946559906,1
2017-03-11,-0.6716158787409464,3
2017-03-12,0.557489812374115,1
2017-03-13,-0.1648973524570465,3
2017-03-14,0.17248087269919263,7
2017-03-15,0.6027863502502442,5
2017-03-16,-0.12114042639732361,5
2017-03-17,0.195318865776062,5
2017-03-18,0.9999661445617676,1
2017-03-19,0.8097559809684753,1
2017-03-20,0.9822958707809448,1
2017-03-21,0.8039218286673228,3
2017-03-22,0.10208578001369134,11
2017-03-23,0.33991286903619766,8
2017-03-24,0.6157214774025811,9
2017-03-25,0.7371498346328735,4
2017-03-26,0.4996565977732341,3
2017-03-27,0.1132051394535945,13
2017-03-28,0.5487793604532878,15
2017-03-29,0.48206464052200315,10
2017-03-30,0.1498138745625814,15
2017-03-31,0.20611083838674757,9
2017-04-01,0.0,1
2017-04-02,-0.9993694424629213,1
2017-04-03,0.34652401010195416,9
2017-04-04,0.5235847343098033,11
2017-04-05,0.41794658452272415,8
2017-04-06,0.5716346556490118,11
2017-04-07,0.20248313744862872,9
2017-04-09,-0.04000729322433466,2
2017-04-10,0.463910460472107,2
2017-04-11,0.6935162842273712,6
2017-04-12,0.1698406636714935,6
2017-04-13,0.3045662403106689,5
2017-04-14,-0.7758917808532715,1
2017-04-15,0.9965470433235168,1
2017-04-16,0.949135959148407,1
2017-04-17,0.7996732234954834,5
2017-04-18,0.20905808465821402,14
2017-04-19,0.3283478979553495,14
2017-04-20,0.36520346254110336,8
2017-04-21,0.28277555770344204,9
2017-04-22,0.8774977922439575,2
2017-04-23,0.7985832691192627,2
2017-04-24,0.2500835835933685,10
2017-04-25,0.5514587897520798,13
2017-04-26,0.2811232457558314,12
2017-04-27,-0.22923941165208817,8
2017-04-28,0.08282819986343384,5
2017-04-29,0.7785956501960755,5
2017-04-30,0.9218738277753195,3
2017-05-01,0.47734156250953674,4
2017-05-02,0.43244411051273346,6
2017-05-03,0.0,2
2017-05-04,-0.2334495484828949,2
2017-05-05,0.13958988189697266,5
2017-05-06,0.0,1
2017-05-08,0.12267897129058838,10
2017-05-09,0.2167557248702416,13
2017-05-10,0.2502528301307133,7
2017-05-11,-0.08288839459419248,7
2017-05-12,0.023566434780756634,6
2017-05-14,0.7964491248130798,1
2017-05-15,0.2701205412546794,12
2017-05-16,0.031083521246910117,10
2017-05-17,-0.3429787244115557,7
2017-05-18,0.3856668301991054,7
2017-05-19,0.3822958692908287,8
2017-05-20,0.8614872694015503,2
2017-05-22,0.480153352022171,4
2017-05-23,0.7130133733153343,8
2017-05-24,0.6273053685824076,15
2017-05-25,0.5116106152534485,15
2017-05-26,0.07859646422522407,7
2017-05-28,0.0,1
2017-05-29,-0.13033722341060638,4
2017-05-30,0.368509787779588,13
2017-05-31,0.7023869514465332,10
2017-06-01,0.774223438331059,7
2017-06-02,0.5182003796100616,10
2017-06-03,0.4907981157302856,2
2017-06-04,0.6620760758717855,3
2017-06-05,0.451173797249794,8
2017-06-06,0.5062666349112988,8
2017-06-07,0.43548784653345746,12
2017-06-08,0.4274287521839142,6
2017-06-09,0.02251845598220828,2
2017-06-10,0.24581766128540034,2
2017-06-11,0.8159316182136536,2
2017-06-12,0.2771117587884267,6
2017-06-13,0.10354573680804324,13
2017-06-14,0.0956498458981514,8
2017-06-15,0.3296256860097249,6
2017-06-16,0.2067164679368337,6
2017-06-17,0.8492019474506378,2
2017-06-18,0.7900240421295166,1
2017-06-19,0.3694690316915512,4
2017-06-20,0.24220739801724753,6
2017-06-21,0.3318549623856178,13
2017-06-22,0.5170240364968777,8
2017-06-23,0.14915671518870766,7
2017-06-24,0.3247576802968979,4
2017-06-25,-0.5984185934066772,1
2017-06-26,0.4900231659412384,2
2017-06-27,0.4224384062820011,9
2017-06-28,0.3466000689400567,9
2017-06-29,0.4186980923016866,12
2017-06-30,0.4993070526556535,11
2017-07-01,0.4072436839342118,4
2017-07-03,0.2211992343266805,9
2017-07-04,-0.4377298355102539,2
2017-07-05,0.2109920158982277,8
2017-07-06,0.32475483417510986,7
2017-07-07,0.2667583293384976,9
2017-07-08,0.17730100949605307,3
2017-07-09,0.8097938299179077,1
2017-07-10,0.32579109498432707,7
2017-07-11,0.03884803503751755,12
2017-07-12,0.044656578983579366,7
2017-07-13,0.4907366335391998,2
2017-07-14,0.3921591997146606,5
2017-07-15,0.9375900030136108,2
2017-07-17,-0.06041055255466041,9
2017-07-18,0.4948653082052867,6
2017-07-19,-0.12947975397109984,5
2017-07-20,0.30207229653994244,6
2017-07-21,0.49916042884190875,6
2017-07-22,0.029026105999946594,4
2017-07-23,0.33205705881118774,3
2017-07-24,0.5293755332628886,9
2017-07-25,0.7235788106918335,12
2017-07-26,0.0319312314192454,3
2017-07-27,-0.013417567525591185,7
2017-07-28,-0.2759532928466797,9
2017-07-29,0.03613017797470095,10
2017-07-30,0.6121900975704193,2
2017-07-31,0.29283500356333597,14
2017-08-01,0.07224620133638379,8
2017-08-02,-0.06104134661810739,7
2017-08-03,0.17347459282193864,7
2017-08-04,-0.0862463712692261,8
2017-08-07,0.6510748267173767,5
2017-08-08,0.20017014231000627,7
2017-08-09,0.14471527934074402,8
2017-08-10,0.16853274901707968,6
2017-08-11,0.4041114780637953,9
2017-08-13,0.0,1
2017-08-14,-0.06993449818004263,11
2017-08-15,0.22995494306087494,8
2017-08-16,0.09278167145592826,7
2017-08-17,-0.006148968424115878,7
2017-08-18,0.07046002149581909,3
2017-08-20,-0.3989259004592895,1
2017-08-21,0.10379672050476074,5
2017-08-22,0.5124162435531616,8
2017-08-23,0.09571996756962367,7
2017-08-24,0.16650958855946857,3
2017-08-25,0.025407779216766357,5
2017-08-27,0.7560813724994659,2
2017-08-28,0.6845921874046326,11
2017-08-29,0.2971369723478953,15
2017-08-30,0.2220217933257421,6
2017-08-31,0.34243815342585243,15
2017-09-01,0.01012773315111796,6
2017-09-02,-0.16098958253860474,2
2017-09-04,0.19944904247919715,6
2017-09-05,0.539375799042838,7
2017-09-06,0.3984490782022476,8
2017-09-07,0.4332346724612372,14
2017-09-08,0.669020277261734,10
2017-09-09,0.9986559152603148,1
2017-09-11,0.25227512419223785,4
2017-09-12,0.695148785909017,6
2017-09-13,0.41271238977258856,11
2017-09-14,0.7799743711948395,4
2017-09-15,0.11691861351331077,6
2017-09-17,-0.6358552575111389,1
2017-09-18,0.0,3
2017-09-19,0.03884035348892213,7
2017-09-20,0.2683425784111023,5
2017-09-21,0.7214316924413046,6
2017-09-22,0.5625506674542147,17
2017-09-23,0.8642007112503052,4
2017-09-24,0.48046553134918213,5
2017-09-25,0.2624141462147236,16
2017-09-26,0.47060734033584595,7
2017-09-27,0.4786849766969681,4
2017-09-28,-0.6022067268689474,3
2017-09-29,0.14008548855781555,10
2017-09-30,-0.20296168327331543,5
2017-10-02,-0.999428371588389,3
2017-10-03,0.5538163185119629,5
2017-10-04,0.3883988686970302,7
2017-10-05,0.4903157088491652,9
2017-10-06,0.326938251654307,3
2017-10-07,0.5403814784118107,7
2017-10-09,0.3328134020169576,3
2017-10-10,0.5132761478424073,5
2017-10-11,-0.0006762742996216375,4
2017-10-12,0.34565541744232176,5
2017-10-13,0.3976877927780152,4
2017-10-14,0.6995671192804972,6
2017-10-16,0.34631668329238896,5
2017-10-17,0.26527031262715656,3
2017-10-18,0.6276401182015737,6
2017-10-19,-0.11246305704116824,4
2017-10-20,-0.20676925778388977,4
2017-10-21,0.23441213369369507,5
2017-10-27,0.358749258518219,5
2017-10-29,-0.3084586858749389,3
2017-10-30,0.3239704767862956,3
2017-10-31,-0.43672761746815275,7
2017-11-01,-0.06566748448780603,7
2017-11-02,-0.5985008733613151,7
2017-11-03,-0.2019105315208435,5
2017-11-04,0.6446989178657532,7
2017-11-06,0.1309231519699097,8
2017-11-07,-0.007061377167701721,4
2017-11-08,0.009841778448649816,7
2017-11-09,-0.915785570939382,3
2017-11-10,0.5819819420576096,4
2017-11-11,0.4777509768803914,6
2017-11-12,-0.9751991033554076,1
2017-11-13,0.4105752176708645,9
2017-11-14,0.42406344413757324,7
2017-11-15,-0.0010891854763029896,2
2017-11-16,0.9999804496765136,1
2017-11-17,0.5875689029693604,5
2017-11-18,0.28934731483459475,5
2017-11-20,0.9997959733009338,1
2017-11-21,0.6937650203704834,10
2017-11-22,0.44631706343756783,9
2017-11-23,0.21985644102096563,2
2017-11-24,0.4561325013637542,2
2017-11-25,0.22203700989484787,4
2017-11-26,0.6850372701883316,4
2017-11-27,0.36982744336128237,10
2017-11-28,0.29511892133288914,9
2017-11-29,0.5538009285926819,20
2017-11-30,0.4964163473674229,21
2017-12-04,-0.030349519848823548,10
2017-12-05,-0.01716382228411161,13
2017-12-06,0.3453313708305359,10
2017-12-07,0.25476016600926715,6
2017-12-08,0.10372351109981537,4
2017-12-09,0.07730184708322797,7
2017-12-11,0.8284233510494232,2
2017-12-12,0.09984786808490752,8
2017-12-13,0.354183679446578,16
2017-12-14,0.06356924772262573,6
2017-12-15,0.11465957015752792,4
2017-12-16,0.7794393062591553,5
2017-12-18,-0.4999464154243469,3
2017-12-19,-0.4768721759319306,2
2017-12-20,0.3560545206069946,5
2017-12-21,0.12794243792692814,6
2017-12-22,0.6072309970855713,5
2017-12-23,0.7682362745205561,6
2017-12-25,0.8587239980697632,2
2017-12-26,-0.04963903129100802,2
2017-12-27,0.20484824313057792,9
2017-12-28,0.5282883867621422,8
2017-12-29,0.5023445111253987,23
2017-12-30,0.13406635324160257,6
2017-12-31,0.6841917037963867,1
2018-01-01,0.3182372599840164,4
2018-01-02,0.08283657687050956,7
2018-01-03,-0.030847515910863862,8
2018-01-04,-0.045656970569065654,7
2018-01-05,0.26679170983178274,7
2018-01-06,-0.0073401153087615965,5
2018-01-07,0.9945418238639832,1
2018-01-08,0.8861427456140518,4
2018-01-09,0.14495204091072084,5
2018-01-10,0.1297474503517151,5
2018-01-11,0.835022489229838,3
2018-01-12,0.5723642110824585,4
2018-01-13,0.2728307843208313,7
2018-01-15,0.5480266451835633,5
2018-01-16,0.6043840448061625,3
2018-01-17,-0.00046584606170649854,5
2018-01-18,0.24479220807552343,4
2018-01-19,0.16952242170061385,7
2018-01-20,0.1050417555703057,9
2018-01-21,0.24449419975280762,2
2018-01-22,-0.8008230924606323,2
2018-01-23,0.2655956480238173,9
2018-01-24,0.5366286039352417,8
2018-01-25,0.3233586379459927,7
2018-01-26,-0.9828407466411591,2
2018-01-27,-0.2295119365056356,6
2018-01-29,1.034411517053524e-05,11
2018-01-30,0.25780391693115234,7
2018-01-31,-0.1997061769167582,6
2018-02-01,-0.49348266422748566,8
2018-02-02,-0.24993298734937394,7
2018-02-03,0.24736559391021729,5
2018-02-05,0.0,3
2018-02-06,0.6435675024986267,6
2018-02-07,-0.3311449686686198,6
2018-02-08,0.15408325195312503,12
2018-02-09,0.546329391002655,10
2018-02-10,0.4202472001314163,10
2018-02-11,0.9860891103744508,1
2018-02-12,0.15840138329399953,9
2018-02-13,-0.09481364062854218,7
2018-02-14,0.4342847764492035,10
2018-02-15,0.6810194849967957,7
2018-02-16,0.5768628120422363,8
2018-02-17,-0.30706105061939787,7
2018-02-18,0.9705405036608377,3
2018-02-19,0.32872923215230304,3
2018-02-20,0.5973129341235528,13
2018-02-21,0.8541139562924703,3
2018-02-22,0.4834377318620682,8
2018-02-23,0.6062295198440552,5
2018-02-24,0.491216778755188,8
2018-02-26,0.6007120013237,10
2018-02-27,0.24411670366923013,6
2018-02-28,0.27964136692193836,13
2018-03-01,0.3896440962950389,6
2018-03-02,0.1242428660392761,5
2018-03-03,0.4406909091132028,7
2018-03-05,0.07641477476466786,11
2018-03-06,0.49622724606440616,13
2018-03-07,-0.03197493155797326,3
2018-03-08,-0.29634512464205426,6
2018-03-09,-0.7509229481220245,2
2018-03-10,0.24725117427962168,7
2018-03-11,0.0,1
2018-03-12,0.49297378957271576,4
2018-03-13,0.25407901406288147,4
2018-03-14,-0.067091566324234,10
2018-03-15,-0.1526546904018947,7
2018-03-16,0.469649334748586,9
2018-03-17,0.456917542219162,5
2018-03-19,0.774743102490902,8
2018-03-20,0.24797976016998294,8
2018-03-21,0.09825757145881645,4
2018-03-22,0.43789005279541016,8
2018-03-23,0.4668632745742798,4
2018-03-24,0.5567519863446554,6
2018-03-26,0.5876873334248861,6
2018-03-27,0.5337189435958862,5
2018-03-28,0.5497414299419948,7
2018-03-29,0.2593310996890068,8
2018-03-30,0.5361672314730558,11
2018-03-31,0.9880449175834656,1
2018-04-01,0.9363445937633514,2
2018-04-02,0.659147044022878,3
2018-04-03,0.9861743301153183,4
2018-04-04,0.7118007107214495,11
2018-04-05,0.7269531711935997,8
2018-04-06,0.48593150079250336,4
2018-04-07,0.00021982192993158511,2
2018-04-09,0.950187881787618,3
2018-04-10,0.2519676610827446,8
2018-04-11,0.951685293154283,11
2018-04-12,0.32379116863012314,8
2018-04-13,0.0031205564737319946,10
2018-04-16,-7.659196853637695e-06,4
2018-04-17,-0.15737976630528763,3
2018-04-18,0.2766811421939305,7
2018-04-19,0.21392321917745802,9
2018-04-20,0.768329592127549,19
2018-04-21,-0.8571859002113342,1
2018-04-23,0.6514692902565002,8
2018-04-24,-0.10820080552782332,7
2018-04-25,0.6223025500774384,10
2018-04-26,0.011299994858828478,11
2018-04-27,0.698758852481842,5
2018-04-29,0.7412330508232117,2
2018-04-30,0.3746334782668522,7
2018-05-01,0.3430568359114907,11
2018-05-02,-0.20643416792154307,8
2018-05-03,0.15001680701971057,8
2018-05-04,0.7762812461171832,7
2018-05-06,0.3640979329744975,3
2018-05-07,0.577636847893397,6
2018-05-08,-0.22146695852279663,5
2018-05-09,0.6801432569821676,12
2018-05-10,0.6863525046242608,9
2018-05-11,0.7796222269535065,8
2018-05-12,0.23661386966705322,2
2018-05-13,0.6476462682088217,3
2018-05-14,0.5884191542863846,8
2018-05-15,0.11533314448136553,13
2018-05-16,0.2350070834159851,15
2018-05-17,0.43216561277707416,12
2018-05-18,-0.046923109076239845,11
2018-05-19,0.4172027260065079,4
2018-05-21,0.6184940387805303,12
2018-05-22,0.19891494512557983,8
2018-05-23,0.5245846331119537,15
2018-05-24,0.5283742059360851,11
2018-05-25,0.4239563996141607,11
2018-05-26,0.6720092296600342,4
2018-05-28,0.30874986946582794,4
2018-05-29,0.8112890422344208,10
2018-05-30,0.49537066618601483,9
2018-05-31,0.9212747045925685,7
2018-06-01,0.138028085231781,7
2018-06-04,-0.10152935981750488,5
2018-06-05,0.8972820997238159,5
2018-06-06,0.5613375703493754,6
2018-06-07,0.5334028005599976,6
2018-06-08,0.38137150804201764,15
2018-06-09,0.9844954609870912,1
2018-06-10,0.6818189819653829,3
2018-06-11,0.7209248880545298,15
2018-06-12,0.43150879442691803,8
2018-06-13,0.4856354296207428,14
2018-06-14,0.7660338282585144,9
2018-06-15,0.7388372421264648,7
2018-06-16,0.7516933679580688,3
2018-06-17,0.5794006188710531,3
2018-06-18,0.6694938114711216,7
2018-06-19,0.7300561534033881,9
2018-06-20,0.3572997994282666,17
2018-06-21,0.43155925548993623,13
2018-06-22,0.573865899017879,21
2018-06-23,0.3137117155960628,7
2018-06-24,0.28724274039268494,2
2018-06-25,0.34619652412154456,11
2018-06-26,0.23347842693328852,9
2018-06-27,0.33758729696273804,9
2018-06-28,0.6386350347445562,13
2018-06-29,0.537717036225579,11
2018-06-30,-0.19391794999440512,6
2018-07-01,0.4843575656414032,2
2018-07-02,0.585984102317265,14
2018-07-03,0.5719325409995185,9
2018-07-04,0.6270122647285461,5
2018-07-05,0.596527569434222,17
2018-07-06,0.5985474586486816,11
2018-07-07,0.3881770471731822,3
2018-07-08,0.9103875160217284,1
2018-07-09,0.4624692052602768,4
2018-07-10,0.4811380250113351,7
2018-07-11,0.3235614523291588,8
2018-07-12,0.2030523419380188,5
2018-07-13,0.2769598215818405,4
2018-07-14,0.28843913475672406,3
2018-07-16,0.34683849414189655,9
2018-07-17,0.3389845815571872,11
2018-07-18,0.4072724325316293,7
2018-07-19,0.17394859923256767,9
2018-07-20,0.45206443468729657,6
2018-07-21,0.4369851350784302,3
2018-07-23,0.6215601205825806,15
2018-07-24,0.30709435751563624,19
2018-07-25,0.3820996433496475,10
2018-07-26,-0.13774754603703818,6
2018-07-27,0.35835686698555946,16
2018-07-28,0.0,1
2018-07-29,0.9998488426208496,1
2018-07-30,0.26061534881591797,10
2018-07-31,0.5301986305337203,19
2018-08-01,0.5682035312056541,8
2018-08-02,0.09476330131292345,16
2018-08-03,0.24469571847182053,13
2018-08-04,0.16756786902745566,3
2018-08-05,0.5997052490711212,2
2018-08-06,0.5655955009990268,9
2018-08-07,0.4122556177052585,11
2018-08-08,0.5463846504688263,10
2018-08-09,0.7525917887687683,2
2018-08-10,0.03827369958162309,8
2018-08-11,0.968454360961914,1
2018-08-12,0.9999727010726928,1
2018-08-13,0.09143638610839844,14
2018-08-14,0.1633198062578837,3
2018-08-15,0.24394544661045076,10
2018-08-16,0.28395369052886965,10
2018-08-17,0.6425451318422953,15
2018-08-18,0.0,2
2018-08-20,0.789685477813085,6
2018-08-21,0.7784886913640159,7
2018-08-22,0.17297612130641937,10
2018-08-23,0.4908388629555702,8
2018-08-24,0.5796497225761413,5
2018-08-25,0.5941659013430277,3
2018-08-27,0.6045249615396772,14
2018-08-28,0.5131317377090454,14
2018-08-29,0.30050186316172284,18
2018-08-30,0.29754023949305214,15
2018-08-31,0.31072366535663604,20
2018-09-01,0.1509548226992289,3
2018-09-03,0.5872089394501278,7
2018-09-04,0.4535470945494516,14
2018-09-05,0.35456477460407076,21
2018-09-06,0.29519766238000655,9
2018-09-07,0.37755395815922665,13
2018-09-08,0.3865281542142232,3
2018-09-09,-0.16828790307044977,2
2018-09-10,0.1948459774255753,10
2018-09-11,0.5560446679592133,12
2018-09-12,0.33488155603408815,15
2018-09-13,0.32160939648747444,16
2018-09-14,0.20637134379810756,9
2018-09-15,0.9064497947692872,1
2018-09-17,0.7560617923736572,8
2018-09-18,0.509178876876831,7
2018-09-19,0.22564132396991438,13
2018-09-20,0.7175600017820086,14
2018-09-21,0.569566684109824,14
2018-09-22,0.5095990896224976,4
2018-09-24,-0.006125573068857207,8
2018-09-25,0.7699173271656037,10
2018-09-26,0.5674019796507699,7
2018-09-27,0.49157493710517886,5
2018-09-28,0.3903601884841919,5
2018-09-29,0.540740579366684,4
2018-10-01,0.33736397822697956,6
2018-10-02,0.550483226776123,5
2018-10-03,0.6428353726863861,10
2018-10-04,0.4044351652264595,8
2018-10-05,0.7895351052284241,8
2018-10-06,0.978245735168457,1
2018-10-08,0.5392206344339583,9
2018-10-09,0.4704613447189331,10
2018-10-10,0.5058907624334097,16
2018-10-11,0.4475729137659073,10
2018-10-12,0.48736575841903684,10
2018-10-13,0.0,1
2018-10-14,0.8890504837036133,1
2018-10-15,0.5290680478016535,12
2018-10-16,0.4826986507365578,19
2018-10-17,0.4928377866744995,11
2018-10-18,0.5191908180713654,12
2018-10-19,0.5000750422477722,8
2018-10-20,0.5122688114643097,4
2018-10-21,0.827506959438324,1
2018-10-22,0.4607013662656148,12
2018-10-23,0.44168002075619167,9
2018-10-24,0.5622140715519587,12
2018-10-25,0.49107121825218203,10
2018-10-26,0.2044648826122284,6
2018-10-27,0.764548271894455,2
2018-10-28,0.8332768678665161,2
2018-10-29,0.63245822985967,6
2018-10-30,0.06457085334337673,13
2018-10-31,0.4128054430087407,12
2018-12-01,0.47548649992261616,7
2018-12-02,0.0,2
2018-12-03,0.7019513845443726,6
2018-12-04,0.514804482460022,15
2018-12-05,0.6654034771702506,11
2018-12-06,0.62307308614254,18
2018-12-07,0.6208537771151617,13
2018-12-08,0.07778075337409973,2
2018-12-09,0.9812378883361816,1
2018-12-10,0.6003073930740357,5
2018-12-11,0.6699814796447754,7
2018-12-12,0.0,5
2018-12-13,0.17964821060498556,6
2018-12-14,0.5061709210276604,8
2018-12-15,0.4988685548305512,2
2018-12-16,0.5065047919750214,5
2018-12-17,0.37186141808827716,3
2018-12-18,0.21253019074598947,12
2018-12-19,0.41316068967183434,15
2018-12-20,0.14544787406921386,10
2018-12-21,0.12321811616420746,10
2018-12-22,0.1617561727762222,4
2018-12-23,-0.11679542064666754,2
2018-12-24,0.38798701763153076,5
2018-12-26,0.7003214160601298,9
2018-12-27,0.48157702220810783,18
2018-12-28,0.3007794916629791,14
2018-12-31,0.0,3
2019-01-01,0.2636875510215759,2
2019-01-02,0.25706321001052856,8
2019-01-03,0.3790431022644043,10
2019-01-04,0.4711714143102819,11
2019-01-05,0.17137136459350583,5
2019-01-06,0.7220003008842468,1
2019-01-07,0.3850781104781411,11
2019-01-08,0.0807571053504944,10
2019-01-09,0.2865699628988902,12
2019-01-10,0.029407728802074116,11
2019-01-11,0.21019236991802856,12
2019-01-12,0.23973944783210754,4
2019-01-13,0.08919104933738708,4
2019-01-14,0.3783933733190809,7
2019-01-15,0.8480540684291294,7
2019-01-16,0.8561321198940277,2
2019-01-17,0.4159631629784902,6
2019-01-18,0.4704482640538897,7
2019-01-19,0.0,1
2019-01-20,-0.6522037386894226,1
2019-01-22,0.37541581283916126,11
2019-01-23,0.4045260614818997,9
2019-01-24,0.5536923865477245,15
2019-01-25,-0.06921558578809102,6
2019-01-26,0.4661163687705994,2
2019-01-27,0.9942563772201538,1
2019-01-28,0.24452185258269313,8
2019-01-31,-0.5255056023597717,1
2019-02-01,0.33746208385987714,11
2019-02-02,0.6046768724918365,2
2019-02-04,0.2462950944900513,4
2019-02-05,0.2658274546265602,16
2019-02-06,0.23565534750620523,9
2019-02-07,0.31476893595286776,14
2019-02-08,0.6858954668045044,5
2019-02-09,0.0,1
2019-02-11,0.613461822271347,4
2019-02-12,0.4022771954536438,5
2019-02-13,0.5526905506849289,4
2019-02-14,0.8678856823179457,9
2019-02-15,0.622251033782959,10
2019-02-16,0.4999486207962036,2
2019-02-17,0.0,1
2019-02-18,-0.00943739414215088,5
2019-02-19,0.48250383138656616,3
2019-02-20,0.36455302238464354,10
2019-02-21,0.3221994638442993,5
2019-02-22,0.6103810838290623,7
2019-02-23,-0.5101839452981949,4
2019-02-25,0.2484681189060211,10
2019-02-26,0.7487026040370648,13
2019-02-27,0.04101859671728952,14
2019-02-28,0.7350576967000961,8
2019-03-01,0.7238084276517233,9
2019-03-02,0.6315236687660217,1
2019-03-04,0.9584544897079468,3
2019-03-05,0.285289016034868,9
2019-03-06,0.8613661676645279,4
2019-03-07,0.07075890472957067,7
2019-03-08,0.37169305767331806,7
2019-03-09,0.9107294678688048,1
2019-03-10,0.0,1
2019-03-11,0.3651171326637268,7
2019-03-12,0.4812283217906952,12
2019-03-13,0.364144466817379,8
2019-03-14,0.10166513174772257,8
2019-03-15,0.38826837539672854,5
2019-03-16,0.0,2
2019-03-17,-0.5458069443702698,1
2019-03-18,0.8417467027902603,4
2019-03-19,0.6322867214679718,10
2019-03-20,0.33057038486003876,8
2019-03-21,0.773037925362587,8
2019-03-22,0.8449729255267552,7
2019-03-23,0.0,1
2019-03-25,0.31854385137557983,2
2019-03-26,0.7991463873121474,9
2019-03-27,0.617435909807682,8
2019-03-28,0.644293372120176,7
2019-03-29,0.18648222088813782,7
2019-03-30,0.3250919580459595,3
2019-04-01,0.12816213071346283,4
2019-04-02,0.08588020006815593,9
2019-04-03,0.5448632348667491,11
2019-04-04,-0.8054212530454,3
2019-04-05,-0.2686009705066681,2
2019-04-08,0.5693127989768982,5
2019-04-09,0.46936563154061633,12
2019-04-10,0.18563370619501388,7
2019-04-11,0.32568478125792283,13
2019-04-12,0.3246159282597629,11
2019-04-13,0.11548338333765666,3
2019-04-14,0.27402248978614807,2
2019-04-15,0.5201596021652222,6
2019-04-16,0.5047322937420436,7
2019-04-17,0.2877137769352306,11
2019-04-18,0.35506733258565265,9
2019-04-19,0.6795100644230843,8
2019-04-22,0.6508814096450806,8
2019-04-23,0.7236536741256714,8
2019-04-24,0.2919147440365383,7
2019-04-25,0.6671632304787636,8
2019-04-26,0.32589607106314766,9
2019-04-27,0.05659204721450806,3
2019-04-28,0.3688992410898208,4
2019-04-29,0.5412270399657163,11
2019-04-30,0.5826732673143086,19
2019-05-01,0.715854999423027,10
2019-05-02,0.7268956899642944,8
2019-05-03,0.522292286157608,10
2019-05-04,0.04043111205101013,2
2019-05-06,0.6943016886711121,5
2019-05-07,0.7121324368885585,7
2019-05-08,0.7869753837585449,6
2019-05-09,0.49657050967216493,10
2019-05-10,0.5381684388433184,7
2019-05-12,0.9030877649784088,2
2019-05-13,0.6371562361717225,5
2019-05-14,0.1482891043027242,6
2019-05-15,0.4258603851000468,6
2019-05-16,0.5623735040426254,4
2019-05-17,0.7289544614878568,11
2019-05-18,0.6810362339019775,1
2019-05-20,0.8568145036697388,7
2019-05-21,0.6167938879558018,7
2019-05-22,0.46738261977831524,6
2019-05-23,0.5609425987516131,7
2019-05-24,0.48347422054835726,7
2019-05-25,0.9882653951644896,1
2019-05-27,0.33300260702768963,3
2019-05-28,0.04040005803108215,6
2019-05-29,0.45941077172756195,12
2019-05-30,0.5839835479855537,8
2019-05-31,0.4516079013164227,13
2019-06-01,0.7349551022052765,2
2019-06-02,0.9996604919433594,1
2019-06-03,0.6915422976016998,6
2019-06-04,0.39154866808339167,19
2019-06-05,0.49966347217559814,4
2019-06-06,0.14231307059526446,8
2019-06-07,0.5823982954025269,5
2019-06-09,0.7261214256286621,1
2019-06-10,0.518748144308726,9
2019-06-11,0.02149103581905365,8
2019-06-12,0.620744655529658,6
2019-06-13,0.3337919380929735,9
2019-06-14,0.5279897451400757,5
2019-06-15,-0.6260710954666138,1
2019-06-16,0.5967774987220764,1
2019-06-17,0.33570728699366253,3
2019-06-18,0.6519765655199686,15
2019-06-19,0.9910694062709808,4
2019-06-20,0.5612978897988796,8
2019-06-21,0.9513060003519058,4
2019-06-22,0.5000465512275696,1
2019-06-23,0.0,2
2019-06-24,0.7816823853386773,9
2019-06-25,0.6431400017304854,11
2019-06-26,0.2756938636302948,10
2019-06-27,0.6918277939160665,6
2019-06-28,0.7399463479717573,12
2019-06-29,-0.1332151144742966,4
2019-06-30,0.2244221121072769,2
2019-07-01,0.8393433094024658,7
2019-07-02,0.7585842278268602,9
2019-07-03,0.7504506707191467,8
2019-07-04,0.0,2
2019-07-05,0.20157018729618617,7
2019-07-06,0.22081561386585236,2
2019-07-08,0.7980466825621468,7
2019-07-09,0.6419479250907898,11
2019-07-10,0.4678120970726013,10
2019-07-11,0.5850668400526047,8
2019-07-12,0.4060993313789368,10
2019-07-13,-0.6649051308631897,1
2019-07-15,0.4979163110256195,4
2019-07-16,0.6818126950945173,7
2019-07-17,0.7131691575050354,8
2019-07-18,0.6543858779801263,9
2019-07-19,0.333036462465922,3
2019-07-20,0.26038864254951477,2
2019-07-22,0.8281564286776951,7
2019-07-23,0.6370862722396851,7
2019-07-24,0.24999816715717316,2
2019-07-25,0.6172727271914482,8
2019-07-26,0.3894453309476375,8
2019-07-27,0.7258034348487854,1
2019-07-29,0.6227858290076256,4
2019-07-30,0.6041111860956464,7
2019-07-31,0.3207150271960667,7
2019-08-01,0.4044538587331772,8
2019-08-02,0.1697233855724335,10
2019-08-03,0.6154758930206299,2
2019-08-05,0.3057396411895752,6
2019-08-06,0.816157599290212,6
2019-08-07,0.31556274209703716,7
2019-08-08,0.3326993981997172,3
2019-08-09,0.3578354815642039,6
2019-08-12,0.4314401149749756,1
2019-08-13,0.5425023933251699,6
2019-08-14,0.4946701129277547,3
2019-08-15,0.4675473826272147,7
2019-08-16,0.5307393620411555,12
2019-08-17,0.8166184027989706,3
2019-08-18,0.95243638753891,1
2019-08-19,0.9594098031520844,2
2019-08-20,0.9232851763566335,6
2019-08-21,0.42167259752750397,8
2019-08-22,0.7877893845240275,6
2019-08-23,0.3466547429561615,8
2019-08-24,0.7212100625038147,2
2019-08-25,0.7949572801589966,2
2019-08-26,0.4791526368686131,7
2019-08-27,0.8519917875528334,8
2019-08-28,0.6612707138061523,5
2019-08-29,0.4641921247045199,12
2019-08-30,0.4552954068550697,13
2019-08-31,-0.7974588871002197,1
2019-09-02,0.9973995685577393,4
2019-09-03,0.730260602065495,7
2019-09-04,0.6769229620695114,10
2019-09-05,0.5270610928535462,10
2019-09-06,0.21499730859483993,7
2019-09-07,0.6806280612945557,1
2019-09-08,0.9465400874614716,2
2019-09-09,0.6592765301465988,4
2019-09-10,0.8670233838698443,17
2019-09-11,0.5122258152280535,7
2019-09-12,0.34220864772796633,5
2019-09-13,0.577697346607844,6
2019-09-14,0.3316683411598206,5
2019-09-15,0.49977046251297,2
2019-09-16,0.5809559949806758,14
2019-09-17,0.5974077403545379,10
2019-09-18,0.5417233586311341,5
2019-09-19,0.8161676923433939,6
2019-09-20,0.49124147891998293,5
2019-09-21,-0.4913063049316406,1
2019-09-22,0.9961534738540648,1
2019-09-23,0.5582838535308838,5
2019-09-24,0.8695943281054497,8
2019-09-25,0.5105448663234711,10
2019-09-26,0.7012298657343938,13
2019-09-27,0.8843153052859836,9
2019-09-28,0.9980202913284302,1
2019-09-29,0.5285445054372152,3
2019-09-30,0.6561560869216919,10
2019-10-01,0.6432335743537316,13
2019-10-02,0.5604918549458185,6
2019-10-03,0.5553351789712906,8
2019-10-04,0.4987616539001465,4
2019-10-05,0.6333359479904175,1
2019-10-06,0.0,1
2019-10-07,0.7949953436851501,5
2019-10-08,0.7762166261672974,7
2019-10-09,0.370383841296037,12
2019-10-10,0.7145206223834645,11
2019-10-11,0.22978277338875663,9
2019-10-12,-0.4126431345939636,1
2019-10-14,0.24391104280948636,4
2019-10-15,0.46251193682352704,6
2019-10-16,0.5409647449851036,8
2019-10-17,0.5409591436386109,5
2019-10-18,0.7243222892284393,4
2019-10-19,0.9269755482673644,1
2019-10-21,0.8334583640098572,2
2019-10-22,0.5405824979146322,3
2019-10-23,0.634162187576294,9
2019-10-24,0.5265179127454758,6
2019-10-25,0.5026049017906189,5
2019-10-26,0.0,1
2019-10-28,0.9761504173278809,5
2019-10-29,0.43424806992212933,6
2019-10-30,0.4702892303466797,10
2019-10-31,0.3955153852701187,10
2019-11-01,0.24935833215713502,5
2019-11-02,0.9951636791229248,1
2019-11-04,0.7473210394382477,2
2019-11-05,0.3946089181635115,9
2019-11-06,0.3453029617667198,8
2019-11-07,0.43808408578236896,9
2019-11-08,0.9894631505012512,1
2019-11-09,0.95811128616333,1
2019-11-11,0.7508615374565124,5
2019-11-12,0.6896629482507706,4
2019-11-13,0.4963823812348502,7
2019-11-14,0.3561987706593105,14
2019-11-15,0.19805127630631128,12
2019-11-16,0.7439572413762411,3
2019-11-18,0.6215339465574785,11
2019-11-19,0.42679111659526825,8
2019-11-20,0.8634567379951477,5
2019-11-21,0.6023812790711721,6
2019-11-22,0.3758275628089905,10
2019-11-24,0.297076016664505,2
2019-11-25,0.9133588075637817,5
2019-11-26,0.648368775844574,12
2019-11-27,0.5558201491832733,10
2019-11-28,0.4846708178520202,2
2019-11-29,0.9021931439638138,12
2019-11-30,0.9036512970924376,1
2019-12-01,0.6884441375732422,1
2019-12-02,0.6773669322331747,3
2019-12-03,0.7937875986099243,11
2019-12-04,0.7402688775743756,7
2019-12-05,0.6486089924971262,6
2019-12-06,0.7036359210809072,6
2019-12-07,0.9881995618343353,2
2019-12-08,0.6708075404167175,1
2019-12-09,0.7141878279772672,11
2019-12-10,0.8028727869192759,12
2019-12-11,0.49465970396995546,10
2019-12-12,0.4619976654648781,8
2019-12-13,-0.004349184036254883,5
2019-12-14,0.767584502696991,1
2019-12-15,0.8686467409133911,2
2019-12-16,0.4366937279701233,9
2019-12-17,0.2471462396474985,13
2019-12-18,0.32732984152707184,11
2019-12-19,0.499177302633013,7
2019-12-20,0.3998477927276066,7
2019-12-21,0.3022263050079346,3
2019-12-23,-0.03825989791325162,7
2019-12-24,0.3021861433982849,5
2019-12-25,0.7136983871459961,1
2019-12-26,0.43655225208827425,7
2019-12-27,0.2616655315671649,7
2019-12-28,0.9866229295730592,1
2019-12-30,-0.14598151048024496,3
2019-12-31,0.6722018669048945,6
2020-01-01,0.7791014512379965,3
2020-01-02,0.24110453469412668,7
2020-01-03,0.4782854680504118,14
2020-01-04,-0.06345373392105103,3
2020-01-05,-0.5005462765693665,1
2020-01-06,0.42679444551467893,5
2020-01-07,0.30821969579247865,17
2020-01-08,0.4179492081914629,7
2020-01-09,0.4616908133029938,8
2020-01-10,0.2675668001174927,8
2020-01-11,-0.32944498459498084,3
2020-01-12,0.3572585880756378,4
2020-01-13,0.6750219613313675,8
2020-01-14,0.7812208362988063,14
2020-01-15,0.16305820147196456,3
2020-01-16,0.34226512908935547,9
2020-01-17,0.43775680661201477,4
2020-01-18,0.9260435104370116,1
2020-01-20,0.6134768923123678,3
2020-01-21,0.3875999024936131,7
2020-01-22,0.49955817063649494,3
2020-01-23,0.7777636249860128,3
2020-01-24,-0.3251873254776001,2
2020-01-25,0.5070207715034485,1
2020-01-27,0.6661575039227804,3
2020-01-28,0.8745236843824387,4
2020-01-29,0.6201651891072592,12
2020-01-30,0.641331242190467,18
2020-01-31,0.47424917817115786,15
2020-02-01,0.0,3
2020-02-02,0.9998652935028076,1
2020-02-03,0.41558028757572174,16
2020-02-04,0.35014984508355457,12
2020-02-05,0.3768150210380554,10
2020-02-06,0.4039074357818155,17
2020-02-07,0.7110181706292289,14
2020-02-08,-0.9977039694786072,1
2020-02-09,-0.08263722062110895,2
2020-02-10,0.24573782682418824,5
2020-02-11,0.0768636763095856,5
2020-02-12,0.18197369575500488,7
2020-02-13,0.16208538838795253,7
2020-02-14,0.213478222489357,8
2020-02-15,0.9989494681358336,1
2020-02-17,0.5032585312922796,6
2020-02-18,0.47453199326992035,6
2020-02-19,0.2574357731001718,7
2020-02-20,0.677565906729017,7
2020-02-21,0.7755492091178894,5
2020-02-22,-0.6761545538902283,1
2020-02-24,0.7537102699279785,3
2020-02-25,0.4599380029572381,9
2020-02-26,0.7787942141294479,4
2020-02-27,0.2790621783998277,9
2020-02-28,0.37060759284279565,11
2020-02-29,0.8465720176696777,5
2020-04-01,0.4650795395885195,14
2020-04-02,0.5608954325318336,20
2020-04-03,0.3738111811024802,14
2020-04-04,0.7387701749801636,5
2020-04-05,0.8542900085449219,3
2020-04-06,0.3601391911506653,14
2020-04-07,0.5968342661857605,10
2020-04-08,0.3992337541920798,14
2020-04-09,0.4629433280543277,19
2020-04-10,0.5162369211514791,9
2020-04-11,0.9988034963607788,1
2020-04-12,0.30689968665440875,6
2020-04-13,0.0355586622442518,14
2020-04-14,0.3841841491785916,11
2020-04-15,0.4461235523223877,5
2020-04-16,0.5498570998509725,3
2020-04-17,0.99908447265625,1
2020-04-20,0.033227525651454926,12
2020-04-21,0.514172175899148,16
2020-04-22,-0.006072064240773519,3
2020-04-23,0.4906222224235534,2
2020-04-24,0.8628483812014262,3
2020-04-27,0.6609240770339966,4
2020-04-28,0.8916630625724793,5
2020-04-29,0.3092592901417187,28
2020-04-30,0.24784629685538156,21
2020-05-01,0.32006916403770447,14
2020-05-02,0.7189579904079437,4
2020-05-03,0.5112462937831879,2
2020-05-04,0.292645092521395,14
2020-05-05,0.006102497378985101,24
2020-05-06,0.10454783018897562,17
2020-05-07,0.0061349396904309406,12
2020-05-08,0.12855361516659075,13
2020-05-11,0.34336720144047456,17
2020-05-12,0.00038376275230857807,17
2020-05-13,0.15968779646433318,13
2020-05-14,0.11886124908924103,10
2020-05-15,0.47650179266929626,4
2020-05-18,0.3011882901191711,3
2020-05-19,0.7071096152067184,2
2020-05-20,0.76559779047966,2
2020-05-21,0.4665546417236328,2
2020-05-22,0.3283652583758036,15
2020-05-23,0.0,1
2020-05-24,0.5103068947792053,1
2020-05-25,0.39107848916734966,7
2020-05-26,0.19058496356010438,10
2020-05-27,0.4715036302804947,12
2020-05-28,0.5306469202041626,14
2020-05-29,0.5298867076635361,18
2020-05-30,0.5173192620277405,3
2020-05-31,0.40097448229789734,4
2020-06-01,0.20690322464162653,11
2020-06-02,0.14971800645192465,12
2020-06-03,0.4704684138298035,10
2020-06-04,0.5105133524962834,14
2020-06-05,0.25217036225579004,11
2020-06-06,0.2297924160957336,2
2020-06-08,0.2864200212061405,16
2020-06-09,0.47960880398750305,13
2020-06-10,0.17232112701122576,13
2020-06-11,0.12098639210065205,18
2020-06-12,0.44060349464416504,13
2020-06-13,0.5748058358828226,3
2020-06-14,0.0,1
2020-06-15,0.12222500642140705,6
2020-06-16,0.41768305169211495,9
2020-06-17,0.6988935967286428,6
2020-06-18,0.4887100011110306,4
2020-06-19,0.37299548728125437,7
2020-06-22,-0.07777792877621122,9
2020-06-23,0.09261701865629716,11
2020-06-24,0.3786637783050537,8
2020-06-25,0.27200843691825866,10
2020-06-26,0.6139645576477051,12
2020-06-27,0.8880110383033752,1
2020-06-29,0.43157838363396495,19
2020-06-30,0.4209567502140999,20
2020-07-01,-0.044891754786173535,15
2020-07-02,0.10593138749782856,13
2020-07-03,0.24444032173890334,13
2020-07-04,0.0,1
2020-07-06,0.36193760732809704,12
2020-07-07,0.2334411491950353,12
2020-07-08,0.018991529941558838,7
2020-07-09,0.3867204984029134,12
2020-07-10,0.2681138813495636,10
2020-07-11,0.99874347448349,1
2020-07-12,0.6809496879577637,1
2020-07-13,0.22708490822050306,9
2020-07-14,0.24992082715034486,10
2020-07-15,0.3192132223736156,11
2020-07-16,0.4176904396577315,11
2020-07-17,0.4218170195817948,4
2020-07-19,0.16650225222110748,4
2020-07-20,-0.013782515245325418,17
2020-07-21,0.373009369653814,17
2020-07-22,0.643623581954411,7
2020-07-23,0.2638938086373465,7
2020-07-24,0.2269769869744777,8
2020-07-25,0.1187115162611008,2
2020-07-26,0.5333350896835327,1
2020-07-27,0.5853774696588516,4
2020-07-28,0.33330217997233075,3
2020-07-29,0.5516040605657241,17
2020-07-30,0.5102582037448883,15
2020-07-31,-0.049206829988039456,13
2020-08-01,0.9540583491325378,1
2020-08-03,0.21950784751347133,7
2020-08-04,0.4826997399330139,5
2020-08-05,0.3466269884790693,7
2020-08-06,0.3324766382575035,8
2020-08-07,0.5809029340744019,3
2020-08-08,0.9336814085642496,3
2020-08-09,0.0,1
2020-08-10,0.0644546321460179,7
2020-08-11,0.1800551638007164,8
2020-08-12,0.4170746036938259,7
2020-08-13,0.4469147665160043,7
2020-08-14,0.3556256393591563,6
2020-08-15,0.986786723136902,1
2020-08-16,0.4652509689331054,1
2020-08-17,0.5516375932428572,18
2020-08-18,0.5982673998389926,14
2020-08-19,0.44189720210574923,21
2020-08-20,0.3288330946649824,14
2020-08-21,0.7486465692520141,15
2020-08-24,0.36636328101158144,10
2020-08-25,0.329196805303747,11
2020-08-26,-0.09621909558773042,10
2020-08-27,0.24894051419364083,9
2020-08-28,0.2948344078930942,11
2020-08-29,0.469204584757487,3
2020-08-30,0.4931165426969528,4
2020-08-31,0.22130709886550903,16
2020-09-01,0.22567021421023778,14
2020-09-02,0.4565774103005727,12
2020-09-03,0.22361592685475068,17
2020-09-04,0.33309271434942883,12
2020-09-05,-0.5000256896018982,1
2020-09-06,0.8344557285308838,1
2020-09-07,0.45326162236077444,7
2020-09-08,0.3615975022315979,10
2020-09-09,0.34585538293634144,14
2020-09-10,0.23485204848376187,11
2020-09-11,0.5044959386189779,6
2020-09-13,-0.4614664316177368,1
2020-09-14,0.3956574635072188,11
2020-09-15,0.08262018310396295,19
2020-09-16,0.13080366452534994,15
2020-09-17,0.4635305441915989,16
2020-09-18,0.370125683148702,15
2020-09-20,-0.4112538695335388,4
2020-09-21,0.38886694610118866,12
2020-09-22,0.5523978792704068,13
2020-09-23,0.5546651259064674,16
2020-09-24,0.5725690939209678,11
2020-09-25,0.6182616241276264,8
2020-09-26,0.9994905591011048,1
2020-09-27,0.6826274991035461,1
2020-09-28,0.357306753213589,13
2020-09-29,0.5604626602596707,9
2020-09-30,0.3375864497252873,14
2020-10-01,0.5735654793679714,16
2020-10-02,0.28409960865974426,22
2020-10-03,0.4969161748886108,2
2020-10-04,0.8714755574862162,3
2020-10-05,0.21786868922850663,17
2020-10-06,0.47024434263055975,11
2020-10-07,0.5249133322920118,14
2020-10-08,0.4796980814687137,29
2020-10-09,0.630888024965922,6
2020-10-10,0.7394116044044494,5
2020-10-11,0.6930332581202189,3
2020-10-12,0.3339462697505951,10
2020-10-13,0.26367955122675213,14
2020-10-14,0.081828236579895,7
2020-10-15,0.6595486998558044,10
2020-10-16,0.6597662965456644,3
2020-10-18,0.38980138301849365,2
2020-10-19,0.8578230142593384,1
2020-10-21,0.5525773333178626,9
2020-10-22,0.4033798575401306,9
2020-10-23,0.07704911629358928,3
2020-10-24,0.5328142791986465,4
2020-10-25,0.9989774227142334,1
2020-10-26,0.5956213821967443,6
2020-10-27,0.19301133496420725,7
2020-10-28,0.5608482837677002,10
2020-10-29,0.6065275158200946,7
2020-10-30,0.5762379368146261,3
2020-10-31,0.9989874958992004,1
2020-11-01,0.24870410561561584,4
2020-11-02,0.1078461855649948,8
2020-11-03,0.24243813753128052,6
2020-11-04,0.31434578787196765,11
2020-11-05,0.003212024768193563,6
2020-11-06,0.0,2
2020-11-07,0.9718455672264099,3
2020-11-09,0.2689232170581818,10
2020-11-10,0.6640773841312954,7
2020-11-11,0.8345733020040724,9
2020-11-12,0.3484884632958306,9
2020-11-13,0.0,1
2020-11-15,0.9998000264167786,1
2020-11-16,-0.22664802521467214,8
2020-11-17,0.5965695877869924,6
2020-11-18,0.4089667141437531,20
2020-11-19,0.16503312289714814,20
2020-11-20,0.17528213560581207,12
2020-11-21,0.9187232255935669,3
2020-11-22,0.3152473568916321,4
2020-11-23,-0.15785470604896543,4
2020-11-24,0.8663752973079681,2
2020-11-25,0.18896631896495822,8
2020-11-26,-0.03751111030578613,3
2020-11-27,0.4155034899711609,5
2020-11-29,-0.1680697202682495,2
2020-11-30,0.4493990793824196,20
2020-12-01,0.5803326606750489,5
2020-12-02,0.9897488156954447,6
2020-12-03,0.748828778664271,6
2020-12-04,0.6632973253726959,5
2020-12-06,-0.4653502106666565,1
2020-12-07,0.02815324068069458,4
2020-12-08,0.44613146781921387,9
2020-12-09,0.27434296740425956,9
2020-12-10,-0.016234132647514353,10
2020-12-11,0.055010909835497564,12
2020-12-12,-0.11745545268058777,2
2020-12-14,0.04699522852897643,10
2020-12-15,0.06290489435195923,12
2020-12-16,0.25531735420227053,5
2020-12-17,0.2472863495349884,13
2020-12-18,0.25138826668262476,8
2020-12-19,0.9947729408740997,2
2020-12-20,0.8038700222969055,2
2020-12-21,0.67389265447855,8
2020-12-22,0.40775698721408843,10
2020-12-23,0.7998631397883097,6
2020-12-24,0.4923429489135742,3
2020-12-25,0.7992779016494751,1
2020-12-26,-0.6544350385665894,1
2020-12-27,0.5032554268836975,3
2020-12-28,0.45476113666187634,11
2020-12-29,0.45961813222278247,11
2020-12-30,0.7068488597869873,10
2020-12-31,0.4869927138090134,10
2021-01-01,0.19370070099830627,2
2021-01-02,-0.6299198269844055,1
2021-01-03,0.18339741230010986,2
2021-01-04,0.7117055654525757,6
2021-01-05,0.45927682146430016,16
2021-01-06,0.3221951723098755,10
2021-01-07,0.6234290533595614,9
2021-01-08,0.3455020487308502,9
2021-01-09,0.3539731502532959,3
2021-01-10,0.9999226331710817,1
2021-01-11,0.3335626870393753,8
2021-01-12,0.16430565289088658,7
2021-01-13,-0.07213348522782329,8
2021-01-14,0.3380564914809333,9
2021-01-15,0.35816600105979224,11
2021-01-16,0.8331985771656036,2
2021-01-17,0.9979726672172546,1
2021-01-18,0.267693247113909,7
2021-01-19,0.4042620718479156,10
2021-01-20,0.5133978128433228,5
2021-01-21,0.0370173305273056,8
2021-01-22,-0.1125214874744415,10
2021-01-23,0.651158332824707,1
2021-01-24,0.499987244606018,2
2021-01-25,0.4965360032187568,9
2021-01-26,0.29810898303985595,10
2021-01-27,0.14388083749347264,9
2021-01-28,0.7981140528406415,7
2021-01-29,0.6700115501880646,8
2021-01-30,0.9996743202209472,1
2021-01-31,0.8657888174057007,2
2021-02-01,0.43795440196990965,5
2021-02-02,0.25920078584126066,7
2021-02-03,0.6339581161737442,8
2021-02-04,-0.03369636336962386,6
2021-02-05,0.03337592548794218,9
2021-02-07,0.5166340470314026,1
2021-02-08,0.34821162053516935,7
2021-02-09,0.4453229010105133,4
2021-02-10,-0.20506313939889267,6
2021-02-11,-0.20516390459878103,7
2021-02-12,0.5702874511480331,4
2021-02-13,0.9998772144317628,1
2021-02-15,0.6268100407388475,9
2021-02-16,0.2913539335131645,8
2021-02-17,0.361521965265274,10
2021-02-18,0.5869165261586508,9
2021-02-19,0.6776215367847018,9
2021-02-20,0.497652530670166,4
2021-02-21,0.7255385518074036,1
2021-02-22,0.38320990250660825,13
2021-02-23,0.4983738380319932,17
2021-02-24,0.4217446621726541,17
2021-02-25,0.5176512048794673,13
2021-02-26,0.5479026757753812,13
2021-02-27,0.7585751414299011,4
2021-02-28,0.4680582761764526,5
2021-03-01,0.2706540107727052,5
2021-03-02,0.14463819265365602,5
2021-03-03,0.46755929787953693,6
2021-03-04,-0.8469105064868927,2
2021-03-05,-0.30953964591026306,6
2021-03-08,0.4980587088144742,13
2021-03-09,0.2246307995584276,18
2021-03-10,0.3245425745844841,16
2021-03-11,0.6133508145809173,10
2021-03-12,0.19492911375485933,13
2021-03-13,0.4984958171844482,2
2021-03-14,0.9998244643211364,1
2021-03-15,0.21825175285339354,5
2021-03-16,-0.2528614401817322,3
2021-03-17,0.4941870212554932,5
2021-03-18,0.5212515145540237,4
2021-03-19,0.7950353145599365,5
2021-03-20,0.3787541389465332,2
2021-03-22,0.72449791431427,1
2021-03-23,0.27078907191753393,2
2021-03-24,0.4097419778505962,3
2021-03-25,0.33695387840270996,2
2021-03-26,0.39277533690134686,3
2021-03-29,0.42769810954729715,15
2021-03-30,0.6062353381088802,14
2021-03-31,0.26386391222476957,10
2021-04-01,0.13040574107851305,7
2021-04-02,0.020645459493001266,6
2021-04-03,0.9998410940170288,1
2021-04-04,0.7832205295562744,1
2021-04-05,0.04164719581604004,4
2021-04-06,0.6243188858032227,5
2021-04-07,0.5913607254624367,8
2021-04-08,0.26462546586990354,10
2021-04-09,0.5128694176673889,7
2021-04-10,0.6851444244384766,1
2021-04-11,-0.01988580822944641,2
2021-04-12,-0.16585276193088955,9
2021-04-13,0.5177776743383968,17
2021-04-14,0.31858422539450904,11
2021-04-15,0.02458655834197999,11
2021-04-16,0.11536582310994464,9
2021-04-17,0.23751872777938843,2
2021-04-18,0.16795273621877035,3
2021-04-19,0.3459990620613098,8
2021-04-20,0.4478507339954376,19
2021-04-21,-0.12806848117283412,7
2021-04-22,0.953038235505422,3
2021-04-23,0.6063758730888367,4
2021-04-24,0.2549473245938619,3
2021-04-26,0.30662254989147186,8
2021-04-27,0.3232310712337494,4
2021-04-28,0.4679954946041107,4
2021-04-29,-0.19790168745177134,14
2021-04-30,0.3889825493097305,10
2021-05-01,-0.7131182253360748,2
2021-05-02,0.5939278999964396,3
2021-05-03,0.2218126803636551,10
2021-05-04,0.06746218963102861,11
2021-05-05,0.4021903005513278,11
2021-05-06,0.08987944040979658,14
2021-05-07,-0.010376575318249799,11
2021-05-08,0.23077017068862915,3
2021-05-09,0.8202913999557495,1
2021-05-10,0.4888184189796448,5
2021-05-11,0.530832189321518,10
2021-05-12,0.24121895134449006,10
2021-05-13,0.5890151990784539,9
2021-05-14,0.6979751153425737,11
2021-05-15,0.8347631096839905,1
2021-05-16,0.9994627833366394,1
2021-05-17,-0.02773462642322885,11
2021-05-18,0.5493247738251319,13
2021-05-19,0.27228955427805585,9
2021-05-20,0.3468091169993083,15
2021-05-21,0.7904037038485209,9
2021-05-22,0.0,1
2021-05-23,0.0,2
2021-05-24,-0.6037322580814362,2
2021-05-25,0.40682749450206757,4
2021-05-26,0.7802553653717041,5
2021-05-27,0.40765539805094403,3
2021-05-28,-0.981281578540802,1
2021-05-29,-0.24538111686706537,2
2021-05-30,0.6628493070602417,1
2021-05-31,0.2345692329108715,8
2021-06-01,-0.14054502050081888,9
2021-06-02,0.1434423267841339,10
2021-06-03,0.5225511431694031,10
2021-06-04,0.2461863789293501,9
2021-06-05,0.32375907897949213,3
2021-06-06,0.9995375871658324,1
2021-06-07,-0.005252726376056657,8
2021-06-08,0.01378957430521647,3
2021-06-09,0.21653490513563156,8
2021-06-10,-0.2961320621626718,7
2021-06-11,0.6385738015174866,10
2021-06-12,0.8383164008458456,3
2021-06-13,0.9929047226905824,1
2021-06-14,0.25403301119804383,10
2021-06-15,0.25450265407562256,9
2021-06-16,-0.04488543669382731,6
2021-06-17,-0.1362010070255824,7
2021-06-18,0.14322538673877713,6
2021-06-19,0.89897820353508,2
2021-06-20,-0.049166321754455566,2
2021-06-21,0.009414887428283692,5
2021-06-22,0.2904097166928378,11
2021-06-23,0.23300221136638097,7
2021-06-24,-0.02895148595174155,9
2021-06-25,0.37880106270313263,4
2021-06-26,0.7820544242858887,1
2021-06-27,-0.1980038285255432,3
2021-06-28,0.2454440593719483,2
2021-06-29,0.35240123592890227,13
2021-06-30,0.5324008588989576,12
2021-07-01,0.4875600337982178,7
2021-07-02,0.5836787086266738,13
2021-07-03,0.9109785755475363,3
2021-07-04,0.41598546504974365,2
2021-07-05,0.6116330226262411,12
2021-07-06,0.7100786404176191,11
2021-07-07,0.15627144850217378,13
2021-07-08,0.4280791521072388,5
2021-07-09,0.2086172580718994,5
2021-07-10,0.294930636882782,2
2021-07-12,0.35245248675346375,2
2021-07-13,0.46039025272641865,7
2021-07-14,0.5356927712758383,3
2021-07-15,0.0021023988723754884,5
2021-07-16,0.2520963326096535,4
2021-07-17,-0.5042491555213928,1
2021-07-18,0.5851876735687256,1
2021-07-19,0.2634127661585808,8
2021-07-20,0.6452369193236033,6
2021-07-21,0.2832576185464859,6
2021-07-22,0.7792480858889493,11
2021-07-23,0.510386984795332,8
2021-07-24,0.8955499827861786,2
2021-07-25,0.9988592863082886,1
2021-07-26,0.4556136839091778,8
2021-07-27,0.4654570542849027,13
2021-07-28,0.5786394774913788,14
2021-07-29,0.13381188114484155,12
2021-07-30,-0.24602782726287842,8
2021-07-31,0.9998337030410768,1
2021-08-01,0.9994806051254272,1
2021-08-02,0.26503880818684894,18
2021-08-03,0.4230893075466156,20
2021-08-04,0.45489939234473487,11
2021-08-05,0.12068718671798706,17
2021-08-06,0.10734385251998901,10
2021-08-07,0.9495686888694763,3
2021-08-08,0.5007422566413879,1
2021-08-09,0.05633947253227234,4
2021-08-10,0.738078162074089,4
2021-08-11,0.84223672747612,4
2021-08-12,0.6800450384616852,6
2021-08-13,0.41422179341316223,4
2021-08-14,0.9994542002677916,1
2021-08-16,0.9894371628761292,4
2021-08-17,0.5246589407324791,8
2021-08-18,0.5824389934539795,5
2021-08-19,0.5414076566696167,5
2021-08-20,0.25917222244398935,7
2021-08-29,0.00910751024881995,3
2021-08-30,0.6746723935717628,21
2021-08-31,0.34644562265147333,23
2021-09-02,0.6051479354500771,8
2021-09-03,0.6610003709793091,3
2021-09-06,0.6666374802589418,3
2021-09-07,0.6574171582857767,3
2021-09-08,0.5551871061325073,1
2021-09-09,0.02522817850112915,5
2021-09-10,0.8342579007148743,3
2021-09-11,0.999666690826416,1
2021-09-12,0.12868647277355194,4
2021-09-13,0.19176092992226282,12
2021-09-14,0.44659402153708716,11
2021-09-15,0.39579663425683975,8
2021-09-16,0.5370497339301639,9
2021-09-17,0.07813529670238498,4
2021-09-19,0.549088180065155,2
2021-09-20,0.450812714440482,7
2021-09-21,0.2502826281956264,14
2021-09-22,0.05625154078006747,4
2021-09-23,0.3860353061131069,7
2021-09-24,0.1322101578116417,8
2021-09-25,0.9999146461486816,1
2021-09-26,0.995100438594818,1
2021-09-27,-0.17060773713248115,7
2021-09-28,0.3470430714743478,7
2021-09-29,-0.004692812176311717,17
2021-09-30,0.15859093574377206,13
2021-10-08,0.1041264959744045,7
2021-10-09,0.7102823853492737,2
2021-10-10,0.6564058065414429,1
2021-10-11,0.20228392879168192,6
2021-10-12,0.24780623118082676,6
2021-10-13,0.360118395752377,9
2021-10-14,0.25349678844213486,8
2021-10-15,-0.07942675426602364,8
2021-10-16,0.2857856512069702,5
2021-10-18,0.5672409037748972,6
2021-10-19,0.12916096299886703,8
2021-10-20,0.7209223168236869,7
2021-10-21,0.060518251525031194,9
2021-10-22,0.6085417047142982,8
2021-10-23,-0.5368467966715494,3
2021-10-24,0.4999845921993256,2
2021-10-25,0.41467973819145787,13
2021-10-26,0.2842308072482838,17
2021-10-27,0.6387382184757906,17
2021-10-28,0.10072852758800284,17
2021-10-29,0.22959679636088284,11
2021-10-30,-0.009785741567611722,4
2021-10-31,0.4982786774635315,2
2021-11-01,0.525699016948541,12
2021-11-02,0.22940917313098907,16
2021-11-03,0.3810645341873169,20
2021-11-04,0.4236077825228373,15
2021-11-05,0.5830642240388053,14
2021-11-06,0.33182066679000866,2
2021-11-08,0.0,1
2021-11-22,0.9993336796760559,3
2021-11-23,0.7034506599108378,6
2021-11-24,0.9435836474100748,6
2021-11-25,0.7097330391407013,6
2021-11-26,0.11117167472839358,5
2021-11-27,0.9998811781406403,2
2021-11-29,0.8212179416104367,19
2021-11-30,0.5254715532064438,22
2021-12-01,0.4550909454172308,11
2021-12-02,-0.005633443593978889,8
2021-12-03,0.4468538959821065,9
2021-12-04,0.9999316930770874,1
2021-12-12,-0.18815761804580688,3
2021-12-13,0.37111695607503253,12
2021-12-14,0.3073426691385416,13
2021-12-15,-0.6426683068275452,1
2021-12-22,-0.03242706259091697,6
2021-12-23,0.0859967385019575,7
2021-12-24,0.8702639937400818,4
2021-12-26,0.4656308889389038,2
2021-12-27,0.3337797981042128,13
2021-12-28,0.5801444970644437,13
2021-12-29,0.7325991562434605,7
2021-12-30,0.7078884057700634,8
2021-12-31,0.11166791121164955,6
2022-01-01,0.9998722076416016,1
2022-01-03,0.6174924629075187,7
2022-01-04,0.5133003081594195,7
2022-01-05,0.1340296963850657,6
2022-01-06,0.4316053291161855,6
2022-01-07,0.3440578679243724,6
2022-01-08,0.4996923208236694,2
2022-01-09,-0.07961299022038774,3
2022-01-10,0.5082111083544217,13
2022-01-11,0.43592015825785124,13
2022-01-12,0.11752209439873695,16
2022-01-13,0.06383397347397274,18
2022-01-14,-0.012053219711079317,17
2022-01-15,0.6663780212402344,3
2022-01-30,-0.37408870458602905,5
2022-01-31,0.616995070129633,16
2022-02-01,0.20566258827845255,6
2022-02-02,-0.02838382124900818,4
2022-02-03,-0.00913498799006146,3
2022-02-04,0.9996209740638732,1
2022-02-05,-0.4990532398223877,1
2022-02-07,0.9972717761993408,1
2022-02-09,0.608521024386088,3
2022-02-10,-0.15846526622772217,7
2022-02-11,-0.5576209227244059,3
2022-02-13,0.9988524913787842,1
2022-02-14,0.499891608953476,2
2022-02-15,0.33215359704835073,14
2022-02-16,0.602015966718847,11
2022-02-17,0.3719512603499673,11
2022-02-18,0.37057082355022425,10
2022-02-19,0.860877275466919,3
2022-02-20,-0.3795987367630005,1
2022-02-21,0.16440068350897896,9
2022-02-22,0.6701443141156976,11
2022-02-23,0.8296430557966232,8
2022-02-24,0.8287238015068902,18
2022-02-25,0.7655459154735912,11
2022-02-26,-0.028694793581962558,4
2022-02-27,0.0,1
2022-02-28,0.7485901614030203,6
2022-03-01,0.6139128307501475,12
2022-03-02,0.6345588266849518,10
2022-03-03,0.5369187593460083,4
2022-03-04,0.5880930498242378,8
2022-03-06,0.0,1
2022-03-08,0.6437551339467367,15
2022-03-09,0.7729678750038147,18
2022-03-10,0.3626465472308072,11
2022-03-11,0.6663872301578522,8
2022-03-12,0.998689353466034,1
2022-03-20,0.9348812103271484,1
2022-03-21,0.2460059622923533,6
2022-03-22,0.6325477090748873,11
2022-03-23,0.41785627603530884,13
2022-03-24,0.588531956076622,8
2022-03-25,0.03993977606296538,8
2022-03-26,0.4997474551200866,2
2022-03-27,0.9997211396694184,2
2022-03-28,0.7386641919612884,10
2022-03-29,0.5113979935646057,5
2022-03-30,0.36128897964954376,8
2022-03-31,0.6357824632099697,7
2022-04-01,0.6826952227524349,14
2022-04-02,0.5464145143826803,3
2022-04-03,0.8621779382228851,2
2022-04-04,0.6774304732680321,8
2022-04-05,0.19324448162859137,11
2022-04-06,0.6904860675334931,10
2022-04-07,0.6579539992592551,11
2022-04-08,0.5087929765383402,3
2022-04-09,0.9942305982112885,2
2022-04-10,0.6798118352890015,2
2022-04-11,0.0,1
2022-04-12,0.47564856708049774,2
2022-04-13,0.47049572070439655,3
2022-04-14,0.9352872669696808,2
2022-04-15,0.5126168860329522,9
2022-04-16,0.3584596812725067,1
2022-04-17,0.6550282835960388,4
2022-04-18,0.15506265255121085,13
2022-04-19,0.570936614816839,11
2022-04-20,0.5606430300644466,14
2022-04-21,0.1807592362165451,8
2022-04-22,0.9053521454334259,2
2022-04-25,0.8716413378715515,1
2022-04-29,0.3513224216607901,13
2022-04-30,0.40772201617558795,6
2022-05-01,-0.3182331323623657,3
2022-05-02,0.10476684570312504,3
2022-05-03,-0.6441650986671448,4
2022-05-04,0.4001619815826416,5
2022-05-05,0.8119662602742513,3
2022-05-06,0.20223324000835421,4
2022-05-07,0.9981229901313782,1
2022-05-15,0.0,1
2022-05-16,0.23015453666448588,8
2022-05-17,0.7336563938542416,19
2022-05-18,0.6014673829078674,10
2022-05-19,0.46850330992178485,11
2022-05-20,0.35000450909137726,10
2022-05-21,0.6415169437726339,3
2022-05-29,0.5208425124486288,6
2022-05-30,0.48516374475815716,17
2022-05-31,0.5853058894475301,21
2022-07-17,0.8621253967285156,2
2022-07-18,0.5756220863415644,13
2022-07-19,0.7812077323595683,15
2022-07-20,0.6104654868443807,9
2022-07-21,0.366318416595459,10
2022-07-22,-0.16217100620269775,2
2022-08-07,0.33757638931274414,4
2022-09-04,0.5636910796165466,1
2022-09-05,0.14402468999226892,3
2022-09-06,-0.16580589115619657,4
2022-09-07,0.4013911604881287,5
2022-09-08,0.42594180504481,9
2022-09-09,0.7512073715527853,6
2022-09-10,-0.0015162030855814246,3
2022-09-11,0.9705886542797089,2
2022-09-12,0.3123382159641811,7
2022-09-13,0.3899123013019562,10
2022-09-14,0.2660765126347542,8
2022-09-15,0.3777858870370047,7
2022-09-16,0.7327465176582336,5
2022-09-18,0.0,1
2022-09-19,0.15998175740242004,6
2022-09-20,0.3100216269493103,5
2022-09-21,0.6756172435624259,7
2022-09-22,0.6585821708043417,6
2022-09-23,0.21340564638376236,8
2022-09-24,0.9977304935455322,2
2022-09-25,0.46455638110637665,4
2022-09-26,0.6494566102822622,6
2022-09-27,0.2889089956879616,8
2022-09-28,0.32662452350963245,11
2022-09-29,0.4298957288265228,5
2022-09-30,0.3533578429903303,7
2022-10-03,0.16284328699111938,3
2022-10-04,0.7575204287256513,7
2022-10-05,0.8390027999877929,5
2022-10-06,0.3139985203742981,8
2022-10-07,0.49937887986501056,9
2022-10-08,0.8657770156860352,2
2022-10-09,0.7319802641868591,1
2022-10-10,0.33236650228500364,5
2022-10-11,0.99974125623703,1
2022-10-12,0.33287777503331506,3
2022-10-13,0.5202683657407761,4
2022-10-14,0.4051483631134033,5
2022-10-15,0.4993903934955597,2
2022-10-16,0.9651575684547424,1
2022-10-17,0.4809430241584778,10
2022-10-18,0.6532819271087646,9
2022-10-19,0.8892105162143707,10
2022-10-20,0.12438058190875584,9
2022-10-21,0.34695503344902623,13
2022-10-24,0.7845509290695191,5
2022-10-25,0.790669322013855,7
2022-10-26,0.42075880368550617,6
2022-10-27,0.4975355714559555,4
2022-10-28,-0.7493614912033081,5
2022-10-29,0.0,1
2022-10-30,-0.924334704875946,1
2022-10-31,0.06714483669825964,7
2022-11-01,0.5287597179412842,10
2022-11-02,0.42471900913450455,9
2022-11-03,0.39271811246871946,5
2022-11-04,0.34717530553991144,11
2022-11-05,0.7428726553916931,1
2022-11-07,0.6653378129005432,5
2022-11-08,0.8559902429580688,5
2022-11-09,0.4276754975318909,5
2022-11-10,0.9544507066408793,3
2022-11-11,0.9047773480415344,1
2022-11-14,0.3018055558204651,7
2022-11-15,0.5747362375259399,5
2022-11-16,0.21978546380996705,5
2022-11-17,0.36465189456939695,5
2022-11-18,0.8346842328707377,3
2022-11-21,0.7735225081443786,5
2022-11-22,0.9618861198425293,5
2022-11-23,0.7285950183868408,5
2022-11-24,0.6353610873222351,5
2022-11-25,0.5711916259356907,7
2022-11-27,0.8788115978240967,2
2022-11-28,0.389136757169451,7
2022-11-29,0.41363853414853413,15
2022-11-30,0.9438125766240634,13
2022-12-07,0.0,1
2022-12-08,0.4225918783081902,9
2022-12-09,0.19106073677539825,8
2022-12-10,0.4999134838581085,2
2022-12-11,0.9873425364494324,1
2022-12-12,0.6986677765846252,15
2022-12-13,0.5386040644212202,11
2022-12-14,0.1800537904103597,9
2022-12-15,0.5866291522979736,4
2022-12-16,0.7431975688253131,14
2022-12-19,0.9216875178473336,7
2022-12-20,0.6192567863247611,11
2022-12-21,0.7044701099395752,10
2022-12-22,0.6598320404688517,3
2022-12-23,0.549706906080246,4
2022-12-24,0.9999536275863647,1
2022-12-25,0.5776407718658447,1
2022-12-27,0.9956745505332948,1
2022-12-28,0.8238857388496399,3
2022-12-29,0.49312787254651386,12
2022-12-30,0.5071055193742117,12
2022-12-31,0.4352251390616099,6
2023-01-01,0.4972997605800628,1
2023-01-02,0.0,2
2023-01-03,0.0,3
2023-01-04,0.0007269531488418579,4
2023-01-05,0.6514407793680826,3
2023-01-06,-0.07840351760387423,4
2023-01-07,0.7361071109771729,1
2023-01-08,0.5075790882110596,1
2023-01-09,0.06928629676500958,6
2023-01-10,0.40253660678863523,10
2023-01-11,0.5034223036332564,11
2023-01-12,0.6605474203824997,8
2023-01-13,0.783830008723519,11
2023-01-14,0.999848246574402,1
2023-01-15,0.4263408184051513,1
2023-01-16,0.18694556951522828,5
2023-01-17,0.3354055732488632,8
2023-01-18,0.34820800168173655,7
2023-01-19,0.3700642500604902,7
2023-01-20,0.9632156093915304,6
2023-01-21,0.999718964099884,1
2023-01-22,0.9916622638702391,1
2023-01-23,-0.007985472679138184,2
2023-01-24,0.16206540664037064,3
2023-01-25,0.7511317282915115,4
2023-01-26,0.9586755633354188,1
2023-01-27,0.7509998977184296,2
2023-01-29,0.4532895684242248,2
2023-01-30,0.32336969460759846,14
2023-01-31,0.3081933657328288,12
2023-02-01,0.5121238052845001,10
2023-02-02,0.09643789529800416,10
2023-02-03,0.2455929517745972,4
2023-02-04,0.8770317435264587,1
2023-02-05,0.823294997215271,1
2023-02-06,0.38620328361337836,11
2023-02-07,0.5797138695533459,13
2023-02-08,0.8531674941380819,6
2023-02-09,0.9989158511161804,2
2023-02-10,0.9254872798919678,1
2023-02-11,0.9991324543952942,1
2023-02-13,0.2282901008923849,3
2023-02-14,0.7606763343016306,6
2023-02-15,0.3584174844953749,9
2023-02-16,0.12510899986539567,7
2023-02-17,0.5917464366980961,14
2023-02-18,0.7126903086900711,4
2023-02-19,0.9971207976341248,1
2023-02-20,0.5019436329603195,4
2023-02-21,0.5115157008171082,5
2023-02-22,0.58470458984375,10
2023-02-23,-0.20513429641723632,5
2023-02-24,0.281661731004715,5
2023-02-25,0.31258408228556317,3
2023-02-27,0.3789673149585724,7
2023-02-28,0.9026806751887003,6
2023-03-01,0.4243694543838501,9
2023-03-02,0.475229642607949,11
2023-03-03,0.2762287557125092,12
2023-03-04,0.436794638633728,4
2023-03-05,0.99998939037323,1
2023-03-06,0.43235673145814374,11
2023-03-07,0.2930869683623314,8
2023-03-08,0.4343521719177564,12
2023-03-09,0.31875872015953066,10
2023-03-10,0.3236393928527832,13
2023-03-11,0.816687673330307,3
2023-03-12,0.7629054188728333,2
2023-03-13,0.5649646297097206,8
2023-03-14,0.17671448534185236,11
2023-03-15,0.4232180383470323,9
2023-03-16,0.6605492319379535,7
2023-03-17,0.5029605229695638,3
2023-03-18,0.0,1
2023-03-19,0.637056827545166,1
2023-03-20,0.5048008064428965,6
2023-03-21,0.22560033202171326,4
2023-03-24,0.10286623239517212,2
2023-03-25,0.20034042000770574,2
2023-03-27,0.4647983908653259,7
2023-03-28,0.3775511682033539,2
2023-03-29,0.20649347040388316,9
2023-03-30,0.3564218401908875,5
2023-03-31,-0.6217731734116873,6
2023-04-01,0.9997875094413756,1
2023-04-03,0.8554001404688909,13
2023-04-04,0.6086849624460394,11
2023-04-05,0.20879575279023913,9
2023-04-06,0.27894285321235657,6
2023-04-07,0.5379582047462463,9
2023-04-08,0.044665634632110596,2
2023-04-10,0.53630445258958,14
2023-04-11,0.1781773979847248,13
2023-04-12,0.3543262332677841,4
2023-04-13,0.5664593204855919,8
2023-04-14,-0.9999982118606568,1
2023-04-15,0.858823557694753,3
2023-04-16,0.3377007246017456,3
2023-04-17,0.40034587383270254,5
2023-04-18,0.31807739734649654,5
2023-04-19,0.7891239788797166,9
2023-04-20,0.07564128296715873,7
2023-04-21,0.39912042766809464,8
2023-04-22,0.7879712283611298,2
2023-04-24,0.4077425181865692,10
2023-04-25,0.17701080867222377,14
2023-04-26,0.234563946723938,9
2023-04-27,0.08252513036131857,8
2023-04-28,-0.3082930537370535,13
2023-04-29,0.8074245601892471,4
2023-05-01,0.23837859630584718,5
2023-05-02,0.1366319391462538,9
2023-05-03,0.015262683232625326,3
2023-05-04,0.12137438356876373,4
2023-05-05,0.4112190256516139,6
2023-05-07,-0.5667784810066223,1
2023-05-08,0.3483906090259552,8
2023-05-09,0.6176984682679176,8
2023-05-10,0.6304323971271515,4
2023-05-11,-0.01247018575668335,5
2023-05-12,0.210463747382164,4
2023-05-13,-0.22084474563598633,3
2023-05-14,0.9699726104736328,1
2023-05-15,0.7699391742547353,6
2023-05-16,0.4513718605041504,5
2023-05-17,0.3309855804993556,13
2023-05-18,0.2636077783324502,11
2023-05-19,0.5879933416843415,10
2023-05-21,0.2516578435897827,4
2023-05-22,0.5501331741159613,11
2023-05-23,0.6549148480097453,15
2023-05-24,0.47133112379482817,7
2023-05-25,0.024576539794603964,6
2023-05-26,0.4805727203687032,9
2023-05-27,0.9186646938323975,3
2023-05-28,0.6652564406394958,3
2023-05-29,0.6584705664561346,13
2023-05-30,0.806289533774058,6
2023-05-31,0.3986533284187317,17
2023-06-01,0.49411348572799135,14
2023-06-02,0.6230222880840302,11
2023-06-03,-0.20811391870180765,3
2023-06-04,0.9444899559020996,2
2023-06-05,0.7240157407872817,17
2023-06-06,0.3670072300093515,7
2023-06-07,0.21493931114673615,8
2023-06-08,0.6761974096298218,11
2023-06-09,0.6846614820616586,7
2023-06-10,0.5225583910942078,1
2023-06-11,0.8387976288795471,1
2023-06-12,0.008093168338139797,6
2023-06-13,-0.11538184434175487,8
2023-06-14,0.17911282607487267,7
2023-06-15,0.32139423760500824,11
2023-06-16,0.33989943157542835,11
2023-06-17,-0.01425701379776001,2
2023-06-18,0.0,1
2023-06-19,0.811746617158254,12
2023-06-20,0.612322207291921,15
2023-06-21,0.23191794294577378,13
2023-06-22,0.493302861849467,6
2023-06-23,0.5357713341712952,10
2023-06-24,0.9986213445663452,1
2023-06-25,0.3214349945386252,3
2023-06-26,0.6938792696365943,13
2023-06-27,0.4223470985889435,12
2023-06-28,0.55907192081213,8
2023-06-29,0.2745092511177063,6
2023-06-30,0.5054188933637407,9
2023-08-01,-0.1452743790366433,11
2023-08-02,0.38932062685489655,16
2023-08-03,0.13673486709594726,5
2023-08-04,0.30084507380213055,14
2023-08-05,0.5759193003177643,4
2023-08-06,0.9561260640621185,4
2023-08-07,0.349519239531623,9
2023-08-08,0.07889456550280252,9
2023-08-09,-0.19197154045104983,3
2023-08-10,0.3115725134100233,7
2023-08-11,0.8399165471394857,3
2023-08-12,-0.6070008873939514,1
2023-08-13,0.7717707753181458,2
2023-08-14,0.4505995661020279,4
2023-08-15,0.2494297048875264,14
2023-08-16,0.10316308736801152,5
2023-08-17,-0.12650464262281144,7
2023-08-18,0.3959832787513733,9
2023-08-19,-0.5133431553840637,1
2023-08-21,0.5874068439006805,8
2023-08-22,0.523076206445694,16
2023-08-23,0.3339004245671359,11
2023-08-24,0.1681600258900569,13
2023-08-25,0.6486327268860557,11
2023-08-26,0.46543367207050323,2
2023-08-27,0.4880582988262176,1
2023-08-28,0.11528476079305013,15
2023-08-29,0.6534151534239451,12
2023-08-30,0.10483715789658679,14
2023-08-31,-0.06801072359085084,5
2023-09-01,0.15635760625203451,6
2023-09-02,-0.03268119692802418,2
2023-09-03,0.10450869798660278,2
2023-09-04,0.4730386756933652,13
2023-09-05,0.5802741987364632,7
2023-09-06,0.30463220179080963,16
2023-09-07,0.5433087423443794,8
2023-09-08,0.21706822285285363,13
2023-09-09,0.0,1
2023-09-10,0.33355712890625,3
2023-09-11,0.44713570177555084,10
2023-09-12,0.2531214671002494,18
2023-09-13,0.5648449182510376,5
2023-09-14,-0.06541806459426878,12
2023-09-15,0.3869583010673523,10
2023-09-16,-0.002061327298482296,3
2023-09-17,-0.014758741855621338,5
2023-09-18,0.4366701543331146,12
2023-09-19,0.6136776425621726,11
2023-09-20,0.33557217915852866,15
2023-09-21,0.1385793640063359,13
2023-09-22,0.3187207625462459,13
2023-09-23,0.803792417049408,1
2023-09-24,0.845002293586731,1
2023-09-25,0.4099141572202955,14
2023-09-26,0.5504250824451447,18
2023-09-27,0.35873146780899595,14
2023-09-28,0.25857751443982124,8
2023-09-29,0.2761076603616987,14
2023-09-30,-0.0826353778441747,6
2023-11-01,-0.34456275900204975,6
2023-11-02,0.31738653779029846,12
2023-11-03,0.17679494193622045,7
2023-11-04,0.0,1
2023-11-06,0.4262422152927944,7
2023-11-07,0.23770770856312343,14
2023-11-08,0.4889843761920929,6
2023-11-09,0.2123952567577362,10
2023-11-10,0.3396545095103128,14
2023-11-11,0.0,2
2023-11-13,-0.3663650651772817,6
2023-11-14,0.37238807403124297,13
2023-11-15,-0.043451860547065735,4
2023-11-16,0.9166415078299386,7
2023-11-17,0.2101977188140154,16
2023-11-18,0.7386497855186462,3
2023-11-19,0.40558405717213947,3
2023-11-20,0.2670946350464454,13
2023-11-21,0.5529110759496689,10
2023-11-22,-0.03824726119637491,8
2023-11-23,0.44216719094444723,17
2023-11-24,0.2308016556959886,13
2023-11-25,0.9906594753265381,2
2023-11-26,-0.10261145234107977,2
2023-11-27,0.3380422123840877,14
2023-11-28,0.4469914883375168,8
2023-11-29,0.5467424268523852,12
2023-11-30,0.24850278794765474,10
2023-12-01,0.5009792447090149,8
2023-12-02,0.6653237342834473,4
2023-12-03,0.6631126205126444,3
2023-12-04,0.8772904455661774,10
2023-12-05,0.5995728238062425,11
2023-12-06,0.040380570021542654,11
2023-12-07,0.39357414841651917,18
2023-12-08,0.2572306841611862,14
2023-12-09,-0.2898418605327606,2
2023-12-11,0.7372596751559864,11
2023-12-12,0.36012129892002454,11
2023-12-13,0.43416257396988245,23
2023-12-14,-0.11078381112643651,14
2023-12-15,0.10778862237930298,5
2023-12-17,-0.9998295307159424,1
2023-12-18,0.6861712098121643,10
2023-12-19,0.31249513626098635,5
2023-12-20,-0.030453240871429442,10
2023-12-21,0.840105414390564,4
2023-12-22,0.42752866943677265,9
2023-12-23,0.4464181512594223,4
2023-12-24,0.9990409016609192,1
2023-12-25,0.9987044930458068,1
2023-12-26,0.4239025314648946,9
2023-12-27,0.5756333231925964,15
2023-12-28,0.4300326704978943,11
2023-12-29,0.39338109642267227,8
2023-12-30,0.7823315858840942,4
2023-12-31,0.9961240887641908,1
2024-01-01,0.23609876036643979,5
2024-01-02,0.49614307284355164,6
2024-01-03,0.27699774503707886,11
2024-01-04,0.49739451706409454,8
2024-01-05,0.23514258861541748,18
2024-01-06,0.9162665804227194,3
2024-01-07,0.1760124266147613,2
2024-01-08,-0.17635727673769,8
2024-01-09,0.6091700142080133,11
2024-01-10,0.506384892123086,7
2024-01-11,0.21729918320973715,12
2024-01-12,0.4833821484020779,7
2024-01-13,0.6263496428728104,4
2024-01-15,0.6883874620710101,7
2024-01-16,0.15569480508565903,8
2024-01-17,0.4457246836493997,17
2024-01-18,0.31516640526907785,7
2024-01-19,0.23229378834366798,8
2024-01-20,0.9484043121337892,1
2024-01-21,0.30159952243169147,3
2024-01-22,0.5481541885270013,9
2024-01-23,-0.0815914511680603,10
2024-01-24,0.34550865633147104,14
2024-01-25,-0.040802693367004386,10
2024-01-26,0.31665173402199376,13
2024-01-27,0.39538029829661053,3
2024-01-28,0.8841870427131653,3
2024-01-29,0.5108441352844239,10
2024-01-30,0.30168441789490835,21
2024-01-31,0.017159020199495185,17
2024-02-01,0.25704963008562726,9
2024-02-02,0.1791838526725769,5
2024-02-03,0.19510765075683592,5
2024-02-05,0.7413794279098511,5
2024-02-06,-0.18375432491302493,5
2024-02-07,-0.1566679129997889,6
2024-02-08,0.48841096022549796,17
2024-02-09,0.503057137131691,16
2024-02-10,0.9459266662597656,1
2024-02-11,0.9997948408126831,2
2024-02-12,0.5331853826840719,15
2024-02-13,-0.1691614439090093,6
2024-02-14,0.26562054951985675,12
2024-02-15,0.1424063188689096,14
2024-02-16,0.5609472890694936,12
2024-02-17,0.3367897719144821,4
2024-02-18,0.0,1
2024-02-19,0.564007348135898,19
2024-02-20,0.7111369198874423,19
2024-02-21,0.4085765580336253,6
2024-02-22,0.4434733986854553,5
2024-02-23,0.4458223581314087,7
2024-02-24,0.9997523427009584,1
2024-02-25,0.9999663829803468,1
2024-02-26,0.5421660780906677,5
2024-02-27,0.873401015996933,6
2024-02-28,0.5440030949456351,14
2024-02-29,0.754059268368615,9
2024-03-01,-0.06262485682964326,10
2024-03-02,0.3636120855808258,4
2024-03-03,0.4084614962339401,4
2024-03-04,0.7430651121669345,9
2024-03-05,0.39403953606432135,11
2024-03-06,0.3478554624777574,13
2024-03-07,0.18298243340991793,21
2024-03-08,0.23643722442480233,13
2024-03-09,0.40592193603515625,2
2024-03-10,0.5834466516971588,2
2024-03-11,0.4928034722805023,10
2024-03-12,0.13777903467416763,8
2024-03-13,0.18386672735214232,10
2024-03-14,0.3471507430076599,9
2024-03-15,-0.20278114080429077,4
2024-03-16,0.7787898778915405,3
2024-03-18,0.5834102123975754,10
2024-03-19,0.542220686163221,7
2024-03-20,0.6029660701751709,8
2024-03-21,-0.07885775821549554,7
2024-03-22,0.8419576406478881,5
2024-03-24,0.0,1
2024-03-25,0.37409650737589056,11
2024-03-26,0.6636376778284708,6
2024-03-27,0.3556307620472378,9
2024-03-28,0.2866691291332245,10
2024-03-29,0.8275870755314827,8
2024-03-30,0.3354162722826004,4
2024-03-31,0.8051648139953613,1
2024-04-01,0.2196096344427629,11
2024-04-02,0.10918842391534289,11
2024-04-03,0.07989533922889017,11
2024-04-04,0.41052104177929105,21
2024-04-05,0.0021683749030618105,17
2024-04-06,0.0723511874675751,10
2024-04-07,0.005620807409286499,2
2024-04-08,0.07758889415047386,11
2024-04-09,0.5178552687168121,10
2024-04-10,0.49051807820796967,4
2024-04-11,0.33237969875335693,6
2024-04-12,0.30052228768666583,12
2024-04-13,0.1806025952100754,4
2024-04-14,0.3589061200618744,2
2024-04-15,0.8787877360979716,9
2024-04-16,0.2814796715974808,8
2024-04-17,0.3880088229974111,6
2024-04-18,0.00986788670221962,9
2024-04-19,0.5529432520270348,8
2024-04-20,0.7613165974617004,2
2024-04-22,0.5050861984491348,4
2024-04-23,0.7956960082054139,5
2024-04-24,0.3344421115788547,11
2024-04-25,-0.003726797444479822,7
2024-04-26,0.0861131080559322,14
2024-04-27,-0.24399103224277496,2
2024-04-28,0.5650988817214966,1
2024-04-29,0.32894761562347413,5
2024-04-30,0.8848831951618195,2
2024-05-01,0.7821512222290039,3
2024-05-02,0.1693755846757155,13
2024-05-03,-0.038312137126922594,8
2024-05-04,0.33909355103969574,4
2024-05-05,-0.4418901006380716,3
2024-05-06,0.23617262499673033,7
2024-05-07,0.32477144400278735,9
2024-05-08,0.37658066550890607,6
2024-05-09,0.7854009668032328,6
2024-05-10,0.4767736345529556,4
2024-05-13,0.7157120704650879,1
2024-05-14,0.4793120324611664,4
2024-05-15,0.9007587432861328,4
2024-05-16,0.5142427342278617,7
2024-05-17,-0.324266254901886,3
2024-05-18,0.9999450445175172,1
2024-05-20,0.41206789016723633,8
2024-05-21,0.629120659828186,5
2024-05-22,0.6380058526992798,14
2024-05-23,0.4065426786740621,9
2024-05-24,0.42034486149038586,14
2024-05-25,-0.9936926960945128,1
2024-05-26,0.993806928396225,2
2024-05-27,-0.03145979344844818,12
2024-05-28,0.44136552627270037,13
2024-05-29,0.4504414439201355,5
2024-05-30,0.4985107213258743,10
2024-05-31,0.19016037242753164,14
2024-06-01,0.7143786907196045,5
2024-06-02,0.5311585515737534,2
2024-06-03,0.7206642478704453,12
2024-06-04,0.6231656223535538,8
2024-06-05,0.5441009456461127,11
2024-06-06,0.4143470823764801,14
2024-06-07,0.2890716240956233,13
2024-06-08,0.9415648380915324,3
2024-06-09,0.8848306934038798,3
2024-06-10,0.11567245423793793,12
2024-06-11,0.5245396229955885,9
2024-06-12,0.4501274526119232,7
2024-06-13,0.4027606386404771,13
2024-06-14,-0.022228494286537143,4
2024-06-15,0.9966229796409608,2
2024-06-17,0.03422869907485114,9
2024-06-18,0.22470842708240857,11
2024-06-19,0.2753410660303556,13
2024-06-20,0.4211917440096537,15
2024-06-21,0.34523504972457886,10
2024-06-22,0.4995569735765457,4
2024-06-24,0.3022220243107189,11
2024-06-25,0.12313537086759294,7
2024-06-26,0.6980991363525391,10
2024-06-27,0.1269167624413967,16
2024-06-28,0.5364456389631543,14
2024-06-29,0.9813723564147948,1
2024-06-30,-0.9999938011169434,1
2024-07-01,0.1376535773277283,5
2024-07-02,-0.16883772239089012,8
2024-07-03,0.17503161231676737,12
2024-07-04,0.7133302266399065,12
2024-07-05,0.08630352715651195,12
2024-07-06,0.7727180520693461,3
2024-07-07,0.7982358932495117,3
2024-07-09,-0.4999997019767761,2
2024-07-10,-0.9999957084655762,1
2024-07-11,-0.05854353308677673,2
2024-07-13,0.6472920775413513,1
2024-07-14,-0.999999701976776,1
2024-07-15,0.5375399930136544,7
2024-07-16,0.6343636910120646,9
2024-07-17,0.2493904531002045,4
2024-07-18,0.18039084332329886,7
2024-07-19,0.5214899522917611,7
2024-07-20,-0.1816198229789734,3
2024-07-21,0.5276595950126648,1
2024-07-22,0.7392631620168686,4
2024-07-23,0.6561639176474677,9
2024-07-24,-0.055219078063964845,5
2024-07-25,0.33860141038894653,10
2024-07-26,0.2199880629777909,8
2024-07-27,0.9505655169487,1
2024-07-28,0.9768983721733092,1
2024-07-29,0.015519869327545167,5
2024-07-30,0.21166843175888067,2
2024-07-31,0.4999897877375285,3
2024-08-01,0.1575530283153057,16
2024-08-02,0.41127753257751465,8
2024-08-03,7.936358451843262e-05,2
2024-08-04,-0.692505955696106,1
2024-08-05,-0.279395192861557,2
2024-08-06,0.06227517127990722,12
2024-08-07,0.48207109570503237,10
2024-08-08,0.38036908209323883,8
2024-08-09,-0.037149012088775635,10
2024-08-10,0.00017821788787847348,2
2024-08-11,-0.9692595601081848,1
2024-08-12,0.29482088088989256,5
2024-08-13,0.13265781219188982,13
2024-08-14,0.19346382468938828,8
2024-08-15,0.24106762011845906,15
2024-08-16,0.4624779373407364,8
2024-08-18,-0.4848664700984955,2
2024-08-19,0.41778664539257687,12
2024-08-20,0.11890124082565304,10
2024-08-21,0.5624528378248215,8
2024-08-22,0.39827204346656797,5
2024-08-23,-0.16453871726989747,10
2024-08-24,0.5065087278683981,3
2024-08-26,0.6709837402616229,7
2024-08-27,-0.28128939867019653,10
2024-08-28,-0.12432913482189178,4
2024-08-29,0.25748248533769086,11
2024-08-30,0.29849607178143095,14
2024-08-31,0.3708127737045288,4
2024-09-02,0.4616893529891968,10
2024-09-03,0.4478391179671654,13
2024-09-04,0.10932994314602444,14
2024-09-05,0.41226128889964175,13
2024-09-06,0.35836139747074675,14
2024-09-07,0.9990670680999756,2
2024-09-08,-0.5034838318824768,1
2024-09-09,0.5481583390917096,7
2024-09-10,0.31761378049850464,16
2024-09-11,0.4518515408039093,15
2024-09-12,0.3416288816011869,13
2024-09-13,0.46957582235336304,10
2024-09-14,0.4905675053596496,2
2024-09-16,-0.0321142315864563,5
2024-09-17,0.6567880948384602,15
2024-09-18,0.3442028027314406,13
2024-09-19,0.2176136722167333,12
2024-09-20,0.11830464005470277,6
2024-09-21,0.6700869202613831,1
2024-09-22,0.0029050409793854315,2
2024-09-23,0.5440077506578885,13
2024-09-24,-0.1206545457243919,4
2024-09-25,-0.01002800464630127,7
2024-09-26,0.6298951251166207,7
2024-09-27,0.3046052157878876,6
2024-09-28,0.10857360064983368,4
2024-09-30,0.9420101046562196,1
2024-11-01,0.15217320506389326,13
2024-11-02,0.2512502819299698,2
2024-11-03,0.8278926908969879,2
2024-11-04,0.504768349907615,11
2024-11-05,0.3804256319999695,6
2024-11-06,0.06916747490564984,6
2024-11-07,0.7427859306335449,7
2024-11-08,0.456320708990097,10
2024-11-09,-0.19531927506128946,3
2024-11-10,0.4989162683486938,4
2024-11-11,0.22532296842998928,9
2024-11-12,0.5783353167421678,17
2024-11-13,0.20619913438955942,12
2024-11-14,0.41728549003601073,10
2024-11-15,0.17745106816291809,10
2024-11-16,0.8549626469612122,1
2024-11-17,-0.616550624370575,1
2024-11-18,0.38509411811828614,5
2024-11-19,0.18505799108081394,9
2024-11-20,0.18742058177789053,12
2024-11-21,0.06372593641281125,5
2024-11-22,0.2513788640499115,8
2024-11-23,0.1801752209663391,5
2024-11-24,0.7486180067062378,1
2024-11-25,0.7927065822813246,9
2024-11-26,0.8360472321510315,5
2024-11-27,0.4415725810187204,7
2024-11-28,0.3974043180545171,12
2024-11-29,0.897040867805481,5
2024-11-30,-0.5120378732681274,3
2024-12-01,-0.9905008673667908,1
2024-12-02,0.8406047224998474,1
2024-12-03,-0.034950578212738045,10
2024-12-04,0.3590387552976608,8
2024-12-05,0.7362004599787972,11
2024-12-06,0.6631742715835571,10
2024-12-08,-0.9998412132263184,1
2024-12-09,0.5983117733682904,7
2024-12-10,0.9485679666201273,3
2024-12-11,0.2653120011091233,10
2024-12-12,0.8572887256741524,8
2024-12-13,0.7195429106553396,6
2024-12-14,0.5506942868232727,1
2024-12-15,0.6837337613105774,3
2024-12-16,0.5381292223930358,5
2024-12-17,0.7126582463582357,12
2024-12-18,0.31768696974305544,17
2024-12-19,0.7885458171367645,8
2024-12-20,0.7258953601121902,8
2024-12-21,0.9591951072216034,2
2024-12-23,0.9402962327003479,2
2024-12-24,0.3346046507358551,3
2024-12-26,0.15956626619611466,7
2024-12-27,0.4648350973924001,9
2024-12-29,-0.9527354836463928,1
2024-12-30,0.23038085869380406,7
2024-12-31,0.7429089546203613,9
